file,status,n_salt_bridges_int,n_aromatic_stacking_int,n_hydrophobic_int,n_repulsive_int
1BJ1_cleaned.pdb,OK,0,0,2,0
1CZ8_cleaned.pdb,OK,0,0,2,0
1MVF_cleaned.pdb,OK,0,0,7,1
1MEL_cleaned.pdb,OK,0,1,44,0
1OP9_cleaned.pdb,OK,2,0,16,2
1RI8_cleaned.pdb,OK,1,0,15,1
1KXV_0_cleaned.pdb,OK,1,0,34,4
1RJC_cleaned.pdb,OK,2,0,24,2
1T6V_0_cleaned.pdb,OK,2,1,36,0
1G6V_cleaned.pdb,OK,1,0,13,2
1XFP_cleaned.pdb,OK,0,1,43,1
1SQ2_0_cleaned.pdb,OK,2,1,43,0
1ZMY_cleaned.pdb,OK,0,0,36,1
1ZV5_cleaned.pdb,OK,3,0,28,0
1ZVH_cleaned.pdb,OK,0,0,13,0
2I25_0_cleaned.pdb,OK,5,1,24,3
2I26_0_cleaned.pdb,OK,4,1,25,1
1ZVY_cleaned.pdb,OK,4,0,44,4
2P42_cleaned.pdb,OK,1,0,24,0
2P43_cleaned.pdb,OK,1,0,22,0
2BSE_1_cleaned.pdb,OK,0,1,54,0
2P44_cleaned.pdb,OK,1,0,17,0
2P47_cleaned.pdb,OK,1,0,28,0
2P45_cleaned.pdb,OK,0,0,31,0
2P48_cleaned.pdb,OK,1,0,25,0
2P49_cleaned.pdb,OK,1,0,23,0
2P4A_cleaned.pdb,OK,1,0,25,0
2X6M_cleaned.pdb,OK,2,0,14,0
2P46_cleaned.pdb,OK,0,0,16,0
2XV6_0_cleaned.pdb,OK,2,0,49,1
2XV6_1_cleaned.pdb,OK,3,0,45,1
2XXM_cleaned.pdb,OK,3,0,44,1
2VYR_cleaned.pdb,OK,0,0,27,0
2XT1_cleaned.pdb,OK,3,0,49,1
3CFI_1_cleaned.pdb,OK,3,0,23,2
3EBA_cleaned.pdb,OK,2,0,24,2
3CFI_0_cleaned.pdb,OK,4,0,26,2
2Z8W_0_cleaned.pdb,OK,3,0,80,2
3G9A_cleaned.pdb,OK,2,1,42,1
3JBC_cleaned.pdb,OK,0,0,3,0
2Z8V_0_cleaned.pdb,OK,0,0,61,2
3EZJ_cleaned.pdb,OK,6,0,55,1
3K74_cleaned.pdb,OK,1,0,8,0
3K1K_cleaned.pdb,OK,3,0,20,0
3K81_1_cleaned.pdb,OK,3,0,25,1
3OGO_cleaned.pdb,OK,2,0,1,0
3P9W_1_cleaned.pdb,OK,2,0,32,4
3QSK_cleaned.pdb,OK,0,0,6,1
3P0G_cleaned.pdb,OK,1,0,52,0
3R0M_cleaned.pdb,OK,0,0,1,0
3K3Q_cleaned.pdb,OK,3,0,25,3
3JBF_cleaned.pdb,OK,1,0,37,1
3JBG_0_cleaned.pdb,OK,1,0,45,3
3JBE_cleaned.pdb,OK,4,0,37,2
3RJQ_cleaned.pdb,OK,5,0,60,3
3ZKQ_cleaned.pdb,OK,1,0,22,1
3ZKS_cleaned.pdb,OK,0,0,21,1
3STB_1_cleaned.pdb,OK,1,1,39,1
3ZKX_1_cleaned.pdb,OK,0,1,41,0
3ZKX_0_cleaned.pdb,OK,1,0,26,0
3ZLQ_cleaned.pdb,OK,0,0,20,1
3SN6_cleaned.pdb,OK,2,0,35,4
4BEL_cleaned.pdb,OK,0,0,25,1
4C57_cleaned.pdb,OK,2,0,21,0
4C57_0_cleaned.pdb,OK,3,0,22,0
4EIG_cleaned.pdb,OK,1,0,30,0
4BFB_0_cleaned.pdb,OK,0,0,20,1
4C59_cleaned.pdb,OK,3,0,15,4
4EJ1_cleaned.pdb,OK,0,1,18,0
4EIZ_cleaned.pdb,OK,0,1,20,0
4GFT_cleaned.pdb,OK,1,0,20,1
4CDG_cleaned.pdb,OK,2,0,36,5
4C58_cleaned.pdb,OK,2,0,17,3
4GRW_1_cleaned.pdb,OK,4,0,36,4
4GRW_0_cleaned.pdb,OK,3,0,11,0
4HGK_0_cleaned.pdb,OK,1,0,31,1
4I0C_0_cleaned.pdb,OK,0,0,24,0
4HEM_0_cleaned.pdb,OK,3,1,34,1
4HGM_0_cleaned.pdb,OK,2,0,31,2
4I13_cleaned.pdb,OK,2,0,6,2
4GRW_3_cleaned.pdb,OK,0,0,54,0
4KDT_cleaned.pdb,OK,5,0,27,1
4I1N_cleaned.pdb,OK,1,0,5,2
4KML_cleaned.pdb,OK,1,0,23,2
4IOS_0_cleaned.pdb,OK,3,0,12,2
4LGP_1_cleaned.pdb,OK,0,1,36,2
4HEP_cleaned.pdb,OK,0,0,17,1
4LGR_cleaned.pdb,OK,0,1,40,0
4LGS_cleaned.pdb,OK,0,2,39,2
4LHQ_cleaned.pdb,OK,0,1,18,1
4LGP_cleaned.pdb,OK,0,1,35,3
4LHJ_cleaned.pdb,OK,0,0,17,0
4KFZ_0_cleaned.pdb,OK,3,0,100,1
4LSV_cleaned.pdb,OK,2,0,20,2
4M3K_cleaned.pdb,OK,0,0,30,2
4N1H_cleaned.pdb,OK,4,0,21,2
4NBY_cleaned.pdb,OK,0,0,21,0
4N9O_cleaned.pdb,OK,1,0,22,2
4NBX_cleaned.pdb,OK,0,0,22,0
4MQS_cleaned.pdb,OK,4,1,36,1
4NC1_cleaned.pdb,OK,2,1,23,1
4ORZ_cleaned.pdb,OK,3,1,21,2
4NC2_cleaned.pdb,OK,1,0,76,1
4NC0_cleaned.pdb,OK,1,0,36,0
4POU_cleaned.pdb,OK,1,0,11,1
4PGJ_0_cleaned.pdb,OK,4,0,47,0
4PGJ_cleaned.pdb,OK,3,0,48,0
4PGJ_1_cleaned.pdb,OK,4,0,40,0
4MQT_cleaned.pdb,OK,3,0,32,1
4S10_cleaned.pdb,OK,2,0,24,6
4S10_0_cleaned.pdb,OK,2,0,24,6
4QO1_cleaned.pdb,OK,0,0,18,0
4W2O_cleaned.pdb,OK,5,0,23,0
4W2Q_cleaned.pdb,OK,1,1,30,0
4P2C_0_cleaned.pdb,OK,2,1,49,1
4TVS_cleaned.pdb,OK,1,0,33,0
4W6W_cleaned.pdb,OK,2,0,12,2
4W6X_cleaned.pdb,OK,0,0,21,1
4WEN_cleaned.pdb,OK,4,0,31,2
4WEM_cleaned.pdb,OK,2,0,37,3
4WEU_cleaned.pdb,OK,0,0,13,0
4QKX_cleaned.pdb,OK,2,0,78,0
4W6Y_cleaned.pdb,OK,5,1,27,3
4WGV_cleaned.pdb,OK,3,0,18,3
4X7E_cleaned.pdb,OK,0,0,42,0
4X7D_1_cleaned.pdb,OK,0,0,42,0
4X7C_1_cleaned.pdb,OK,0,0,53,0
4X7C_cleaned.pdb,OK,0,0,34,0
4WGW_cleaned.pdb,OK,3,0,18,3
4X7F_cleaned.pdb,OK,1,0,30,2
5BOP_cleaned.pdb,OK,1,0,55,0
4Y8D_cleaned.pdb,OK,2,0,14,3
4Z9K_cleaned.pdb,OK,1,1,50,1
4XT1_cleaned.pdb,OK,3,0,50,2
5C3L_cleaned.pdb,OK,0,0,2,0
5BOZ_0_cleaned.pdb,OK,1,1,39,0
5C2U_cleaned.pdb,OK,2,0,56,2
5C1M_cleaned.pdb,OK,2,0,49,1
5DMJ_cleaned.pdb,OK,0,3,52,4
5DA0_cleaned.pdb,OK,1,0,43,1
5E1H_cleaned.pdb,OK,0,2,36,1
5E5M_0_cleaned.pdb,OK,1,0,41,0
5E0Q_cleaned.pdb,OK,2,0,5,0
5F1K_cleaned.pdb,OK,2,0,35,0
5E7F_cleaned.pdb,OK,2,0,57,1
5F1O_cleaned.pdb,OK,2,1,29,3
4ZG1_cleaned.pdb,OK,0,0,39,2
5F21_cleaned.pdb,OK,1,0,65,1
5F7K_cleaned.pdb,OK,0,0,25,1
5F7M_cleaned.pdb,OK,0,0,23,1
5DFZ_cleaned.pdb,OK,3,0,20,2
5F7N_cleaned.pdb,OK,0,0,26,1
5F8Q_cleaned.pdb,OK,0,0,23,1
5F93_cleaned.pdb,OK,0,0,28,1
5F7Y_cleaned.pdb,OK,0,0,24,1
5F7W_cleaned.pdb,OK,0,0,24,1
5F8R_cleaned.pdb,OK,0,0,24,1
5F97_cleaned.pdb,OK,0,0,25,1
5F9A_cleaned.pdb,OK,0,0,24,1
5G5R_cleaned.pdb,OK,2,0,22,2
5H8O_cleaned.pdb,OK,0,0,19,0
5FV2_cleaned.pdb,OK,2,0,49,4
5F9D_cleaned.pdb,OK,0,0,23,1
5GXB_cleaned.pdb,OK,1,1,40,0
5G5X_cleaned.pdb,OK,3,0,26,2
5IHL_cleaned.pdb,OK,0,2,58,3
5HM1_cleaned.pdb,OK,1,0,55,0
5HVG_1_cleaned.pdb,OK,0,1,47,0
5HVH_0_cleaned.pdb,OK,0,1,43,0
5IP4_cleaned.pdb,OK,1,0,34,0
5IMO_cleaned.pdb,OK,5,0,25,3
5IMK_cleaned.pdb,OK,3,0,20,3
5IMM_cleaned.pdb,OK,5,0,22,4
5IML_cleaned.pdb,OK,4,0,28,3
5IVN_cleaned.pdb,OK,2,0,31,2
5JA8_cleaned.pdb,OK,1,2,102,1
5J56_cleaned.pdb,OK,1,1,18,1
5JA9_1_cleaned.pdb,OK,4,0,58,0
5JA9_cleaned.pdb,OK,4,0,54,0
5J57_cleaned.pdb,OK,2,0,8,1
5JDS_cleaned.pdb,OK,2,1,34,1
5HGG_cleaned.pdb,OK,3,0,25,2
5J1S_cleaned.pdb,OK,2,1,52,1
5JMO_cleaned.pdb,OK,0,0,36,0
5KTZ_cleaned.pdb,OK,4,0,31,2
5KU2_1_cleaned.pdb,OK,4,0,39,5
5KWL_cleaned.pdb,OK,2,0,29,5
5JQH_cleaned.pdb,OK,0,1,64,0
5J1T_cleaned.pdb,OK,2,1,51,1
5L8J_0_cleaned.pdb,OK,1,0,39,1
5L21_cleaned.pdb,OK,1,0,37,2
5L8K_0_cleaned.pdb,OK,3,1,47,4
5L8L_0_cleaned.pdb,OK,2,1,48,2
5LHP_cleaned.pdb,OK,2,1,54,1
5LHN_cleaned.pdb,OK,2,1,59,1
5LHQ_cleaned.pdb,OK,2,0,62,1
5LWF_1_cleaned.pdb,OK,2,0,21,0
5LWF_cleaned.pdb,OK,2,0,22,0
5LHR_cleaned.pdb,OK,2,1,37,0
5M15_0_cleaned.pdb,OK,2,2,54,2
5M13_cleaned.pdb,OK,0,0,4,0
5M14_cleaned.pdb,OK,2,2,37,1
5M15_cleaned.pdb,OK,2,1,68,1
5M2M_cleaned.pdb,OK,2,0,14,0
5M95_cleaned.pdb,OK,3,0,22,3
5MJE_cleaned.pdb,OK,5,1,51,5
5M2I_cleaned.pdb,OK,2,0,56,0
5M94_cleaned.pdb,OK,3,0,21,3
5MP2_1_cleaned.pdb,OK,1,0,35,0
5MP2_cleaned.pdb,OK,1,0,24,0
5N88_1_cleaned.pdb,OK,1,0,79,1
5M30_cleaned.pdb,OK,2,1,56,2
5MZV_cleaned.pdb,OK,4,0,43,2
5MY6_cleaned.pdb,OK,1,0,28,0
5O02_cleaned.pdb,OK,3,0,20,1
5O03_cleaned.pdb,OK,1,0,20,0
5O04_1_cleaned.pdb,OK,0,0,37,0
5O03_1_cleaned.pdb,OK,1,0,46,0
5MWN_0_cleaned.pdb,OK,2,0,45,7
5O04_cleaned.pdb,OK,0,0,18,0
5O2U_1_cleaned.pdb,OK,1,0,36,0
5OMM_cleaned.pdb,OK,1,1,28,1
5O05_0_cleaned.pdb,OK,0,0,35,0
5OMN_cleaned.pdb,OK,3,0,10,1
5O04_2_cleaned.pdb,OK,0,0,45,0
5O0W_cleaned.pdb,OK,4,0,16,3
5SV3_0_cleaned.pdb,OK,0,1,28,1
5TD8_cleaned.pdb,OK,1,0,18,1
5TP3_cleaned.pdb,OK,0,0,5,0
5OVW_cleaned.pdb,OK,2,1,40,0
5U4M_cleaned.pdb,OK,1,1,20,1
5TSJ_cleaned.pdb,OK,2,0,38,3
5USF_cleaned.pdb,OK,0,0,7,0
5VXK_cleaned.pdb,OK,0,0,38,1
5VXL_cleaned.pdb,OK,2,0,27,2
5VXJ_cleaned.pdb,OK,3,0,6,1
5VXM_cleaned.pdb,OK,4,0,27,2
6APP_cleaned.pdb,OK,1,0,54,1
5UZ7_cleaned.pdb,OK,1,0,29,1
5Y7Z_cleaned.pdb,OK,3,0,22,1
5Y80_cleaned.pdb,OK,3,0,23,2
5VAI_cleaned.pdb,OK,3,0,24,4
6B73_0_cleaned.pdb,OK,2,0,43,1
6B73_1_cleaned.pdb,OK,4,0,46,2
6C5W_cleaned.pdb,OK,0,0,20,1
6C9W_cleaned.pdb,OK,0,0,11,1
6CWG_cleaned.pdb,OK,1,0,19,1
6DBF_cleaned.pdb,OK,2,2,57,0
6CSY_cleaned.pdb,OK,2,0,78,2
6DBG_0_cleaned.pdb,OK,2,2,81,0
6B20_cleaned.pdb,OK,2,1,58,0
6EY0_0_cleaned.pdb,OK,5,1,47,1
6EY6_0_cleaned.pdb,OK,0,0,33,0
6F2W_cleaned.pdb,OK,3,0,31,2
6DO1_0_cleaned.pdb,OK,4,0,81,0
6FE4_0_cleaned.pdb,OK,1,0,23,1
6F2G_cleaned.pdb,OK,3,0,44,1
6GJQ_cleaned.pdb,OK,1,1,62,4
6GCI_cleaned.pdb,OK,2,0,7,1
6B3J_cleaned.pdb,OK,2,0,24,2
6GJS_0_cleaned.pdb,OK,2,0,41,7
6GJS_cleaned.pdb,OK,3,0,47,6
6GJU_cleaned.pdb,OK,1,0,53,1
6GJS_1_cleaned.pdb,OK,2,1,48,6
6GJU_0_cleaned.pdb,OK,1,0,36,2
6GJU_1_cleaned.pdb,OK,1,0,36,2
6GK4_0_cleaned.pdb,OK,2,0,45,4
6GDG_cleaned.pdb,OK,2,0,36,3
6GK4_cleaned.pdb,OK,1,0,32,6
6GK4_1_cleaned.pdb,OK,2,0,44,4
6GKD_0_cleaned.pdb,OK,2,1,44,5
6GS1_cleaned.pdb,OK,0,0,21,2
6GS4_cleaned.pdb,OK,1,0,21,2
6GWN_0_cleaned.pdb,OK,3,0,27,4
6GWN_1_cleaned.pdb,OK,3,0,28,3
6GWP_1_cleaned.pdb,OK,1,0,34,2
6GWP_0_cleaned.pdb,OK,1,0,32,3
6H1F_cleaned.pdb,OK,2,0,21,6
6GWQ_cleaned.pdb,OK,1,0,23,0
6GS7_cleaned.pdb,OK,0,0,28,2
6H16_cleaned.pdb,OK,2,1,45,0
6H71_cleaned.pdb,OK,1,0,31,0
6H7K_1_cleaned.pdb,OK,2,0,62,0
6H72_cleaned.pdb,OK,1,0,34,0
6H6Z_cleaned.pdb,OK,2,0,27,2
6GKD_1_cleaned.pdb,OK,1,0,39,0
6H70_cleaned.pdb,OK,1,0,26,0
6HHD_cleaned.pdb,OK,0,0,8,0
6H7L_cleaned.pdb,OK,2,0,70,0
6HER_cleaned.pdb,OK,2,0,21,2
6H7M_cleaned.pdb,OK,1,0,74,0
6H7O_cleaned.pdb,OK,2,0,77,0
6HHU_0_cleaned.pdb,OK,1,0,41,2
6HHU_1_cleaned.pdb,OK,1,0,51,1
6HJX_0_cleaned.pdb,OK,8,0,30,2
6I2G_cleaned.pdb,OK,3,0,44,3
6I6J_cleaned.pdb,OK,5,2,69,7
6I8G_cleaned.pdb,OK,0,0,42,2
6I8H_cleaned.pdb,OK,3,0,22,1
6IBB_0_cleaned.pdb,OK,1,1,31,3
6IBB_1_cleaned.pdb,OK,2,1,32,3
6IBB_cleaned.pdb,OK,1,1,32,3
6J7W_cleaned.pdb,OK,0,0,0,0
6IR1_cleaned.pdb,OK,0,0,32,0
6IR2_cleaned.pdb,OK,1,0,30,2
6JB5_cleaned.pdb,OK,4,0,37,3
6JB2_cleaned.pdb,OK,4,0,38,3
6JB8_cleaned.pdb,OK,4,0,38,3
6JSZ_cleaned.pdb,OK,1,0,20,1
6KNM_cleaned.pdb,OK,4,0,67,2
6LR7_cleaned.pdb,OK,5,0,24,2
6LZ2_1_cleaned.pdb,OK,2,0,51,0
6ITC_0_cleaned.pdb,OK,2,0,39,0
6MXT_cleaned.pdb,OK,2,0,77,2
6N4Y_1_cleaned.pdb,OK,0,0,10,1
6N50_cleaned.pdb,OK,0,0,11,0
6NI2_cleaned.pdb,OK,0,2,60,0
6OBE_cleaned.pdb,OK,6,0,38,4
6OBG_cleaned.pdb,OK,7,1,30,5
6OBM_cleaned.pdb,OK,2,0,37,3
6OBO_cleaned.pdb,OK,5,0,44,2
6OCD_cleaned.pdb,OK,3,0,32,0
6OQ7_cleaned.pdb,OK,5,0,26,4
6OQ6_cleaned.pdb,OK,2,0,47,2
6OQ8_cleaned.pdb,OK,2,0,26,2
6OS0_cleaned.pdb,OK,8,0,95,2
6OYZ_1_cleaned.pdb,OK,1,0,36,0
6OYH_2_cleaned.pdb,OK,1,0,33,0
6OZ6_0_cleaned.pdb,OK,1,0,42,0
6OS1_cleaned.pdb,OK,6,0,82,1
6OS2_cleaned.pdb,OK,7,0,84,1
6Q6Z_cleaned.pdb,OK,1,0,22,0
6QGW_cleaned.pdb,OK,5,0,9,3
6QGY_0_cleaned.pdb,OK,6,1,27,2
6QGX_cleaned.pdb,OK,6,0,21,2
6QUP_cleaned.pdb,OK,4,0,36,5
6P9Y_cleaned.pdb,OK,2,0,29,3
6R7T_cleaned.pdb,OK,1,0,64,1
6QV2_cleaned.pdb,OK,2,0,27,4
6RAG_cleaned.pdb,OK,0,0,21,0
6RAM_cleaned.pdb,OK,0,0,29,0
6RAH_cleaned.pdb,OK,0,0,31,0
6RAI_cleaned.pdb,OK,0,0,30,0
6RAL_cleaned.pdb,OK,1,0,29,0
6RAJ_cleaned.pdb,OK,0,0,32,0
6RAK_cleaned.pdb,OK,1,0,26,0
6RQM_cleaned.pdb,OK,1,0,34,1
6RNK_cleaned.pdb,OK,1,1,39,2
6RVC_0_cleaned.pdb,OK,2,0,11,0
6RTW_cleaned.pdb,OK,5,1,42,1
6S0Y_cleaned.pdb,OK,0,0,3,0
6RTY_cleaned.pdb,OK,5,1,43,1
6RPJ_cleaned.pdb,OK,2,0,26,1
6SGE_cleaned.pdb,OK,0,0,33,0
6RAN_cleaned.pdb,OK,0,0,25,0
6TYL_2_cleaned.pdb,OK,3,0,33,0
6TYL_1_cleaned.pdb,OK,2,0,27,0
6TEJ_cleaned.pdb,OK,3,0,48,0
6TYL_0_cleaned.pdb,OK,2,2,46,1
6TYL_4_cleaned.pdb,OK,2,0,10,1
6U12_cleaned.pdb,OK,2,2,55,0
6TYL_cleaned.pdb,OK,2,2,45,1
6U51_1_cleaned.pdb,OK,6,0,56,2
6U54_cleaned.pdb,OK,2,0,42,1
6U55_cleaned.pdb,OK,2,0,54,3
6U52_cleaned.pdb,OK,7,0,60,2
6UC6_0_cleaned.pdb,OK,0,1,45,0
6UHT_1_cleaned.pdb,OK,2,0,37,4
6UHT_0_cleaned.pdb,OK,4,0,35,3
6UFT_cleaned.pdb,OK,3,2,59,4
6UKT_0_cleaned.pdb,OK,2,0,21,1
6UKT_3_cleaned.pdb,OK,3,0,10,3
6UKT_1_cleaned.pdb,OK,2,0,24,1
6UL4_cleaned.pdb,OK,4,1,36,5
6V7Y_cleaned.pdb,OK,1,0,54,0
6V80_cleaned.pdb,OK,0,0,51,0
6V7Z_cleaned.pdb,OK,0,0,28,0
6VBG_cleaned.pdb,OK,1,1,15,1
6VI4_0_cleaned.pdb,OK,5,0,37,1
6WAR_0_cleaned.pdb,OK,2,0,38,0
6V80_1_cleaned.pdb,OK,1,0,62,1
6WAQ_cleaned.pdb,OK,2,0,44,0
6WAR_1_cleaned.pdb,OK,2,0,31,1
6VN7_cleaned.pdb,OK,3,0,45,4
6X04_cleaned.pdb,OK,1,0,2,1
6X05_cleaned.pdb,OK,1,0,28,0
6X08_cleaned.pdb,OK,3,0,5,6
6X4G_0_cleaned.pdb,OK,4,1,36,1
6X4T_0_cleaned.pdb,OK,2,0,31,1
6X19_cleaned.pdb,OK,4,0,41,4
6X9T_cleaned.pdb,OK,0,0,3,0
6X9S_cleaned.pdb,OK,0,0,0,0
6X18_cleaned.pdb,OK,4,0,41,6
6X1A_cleaned.pdb,OK,3,0,35,5
6X9U_cleaned.pdb,OK,0,0,1,0
6X9V_cleaned.pdb,OK,0,0,3,0
6XZF_cleaned.pdb,OK,2,0,21,1
6XZU_cleaned.pdb,OK,0,0,29,0
6YZ5_cleaned.pdb,OK,1,0,15,2
6XW7_0_cleaned.pdb,OK,1,0,29,0
6XW4_cleaned.pdb,OK,0,0,34,1
6Z1V_cleaned.pdb,OK,2,2,55,2
6XW6_cleaned.pdb,OK,4,0,22,1
6Z20_cleaned.pdb,OK,0,0,31,1
6Z10_cleaned.pdb,OK,1,1,37,3
6Z2M_cleaned.pdb,OK,1,0,23,1
6ZE1_cleaned.pdb,OK,3,0,45,3
6XW5_cleaned.pdb,OK,2,0,16,2
6ZG3_cleaned.pdb,OK,2,0,22,1
6Z6V_1_cleaned.pdb,OK,1,0,21,1
7A17_1_cleaned.pdb,OK,1,0,37,1
6ZRV_cleaned.pdb,OK,4,0,37,1
7A48_cleaned.pdb,OK,1,0,66,0
7A4Y_cleaned.pdb,OK,2,0,21,0
6ZG3_1_cleaned.pdb,OK,2,0,23,1
7A4D_2_cleaned.pdb,OK,3,0,32,3
7A4D_0_cleaned.pdb,OK,0,0,33,1
7A17_cleaned.pdb,OK,3,0,30,1
7A4T_cleaned.pdb,OK,4,0,36,2
7A50_cleaned.pdb,OK,1,0,25,0
7A6O_cleaned.pdb,OK,1,0,16,2
7AQX_cleaned.pdb,OK,2,0,24,2
7ANQ_cleaned.pdb,OK,6,0,30,5
7AQZ_cleaned.pdb,OK,1,0,5,0
7AQY_cleaned.pdb,OK,0,0,6,0
7AZB_cleaned.pdb,OK,2,1,35,2
7B14_cleaned.pdb,OK,2,0,33,0
7B17_0_cleaned.pdb,OK,2,0,28,0
7B17_1_cleaned.pdb,OK,4,1,43,0
7B5G_cleaned.pdb,OK,2,0,44,3
7BC7_cleaned.pdb,OK,2,0,35,0
7BC6_cleaned.pdb,OK,2,0,28,1
7AR0_cleaned.pdb,OK,1,0,45,0
7AQY_0_cleaned.pdb,OK,2,0,31,1
7C8V_cleaned.pdb,OK,0,2,35,0
7C8W_cleaned.pdb,OK,1,1,41,0
7CAN_cleaned.pdb,OK,2,2,47,0
7CZ0_1_cleaned.pdb,OK,3,0,40,1
7CZD_cleaned.pdb,OK,1,1,54,1
7D30_1_cleaned.pdb,OK,0,1,134,0
7D5B_cleaned.pdb,OK,0,0,23,1
7D5Q_0_cleaned.pdb,OK,0,0,44,0
7D5U_cleaned.pdb,OK,0,0,18,1
7D6Y_cleaned.pdb,OK,0,0,34,1
7D5P_cleaned.pdb,OK,0,0,50,0
7DGE_cleaned.pdb,OK,1,0,18,0
7DST_1_cleaned.pdb,OK,4,1,28,1
7E53_cleaned.pdb,OK,2,0,21,0
7DV4_cleaned.pdb,OK,1,1,50,0
7EOW_cleaned.pdb,OK,2,0,18,5
7F1G_cleaned.pdb,OK,1,0,20,1
7F5H_cleaned.pdb,OK,1,1,74,0
7F5G_cleaned.pdb,OK,2,1,54,0
7FAU_cleaned.pdb,OK,0,1,34,0
7FBJ_0_cleaned.pdb,OK,1,0,28,0
7FH0_0_cleaned.pdb,OK,1,0,28,0
7FH0_1_cleaned.pdb,OK,1,0,26,0
7FBK_0_cleaned.pdb,OK,1,0,36,0
7JJO_cleaned.pdb,OK,0,0,17,0
7FIG_cleaned.pdb,OK,2,0,28,4
7JVB_cleaned.pdb,OK,1,0,34,0
7JOZ_cleaned.pdb,OK,1,0,22,3
7KBI_cleaned.pdb,OK,2,0,9,1
7KBK_cleaned.pdb,OK,1,0,11,0
7KD2_cleaned.pdb,OK,4,1,40,5
7KDU_cleaned.pdb,OK,2,1,55,3
7KD0_cleaned.pdb,OK,4,1,33,4
7KGK_cleaned.pdb,OK,1,0,62,0
7KGJ_cleaned.pdb,OK,2,1,52,0
7KDM_0_cleaned.pdb,OK,4,1,51,3
7KM5_0_cleaned.pdb,OK,1,1,48,0
7KLW_0_cleaned.pdb,OK,1,1,47,0
7KLW_1_cleaned.pdb,OK,2,0,21,1
7KLW_cleaned.pdb,OK,1,1,44,0
7KN5_0_cleaned.pdb,OK,2,1,43,0
7KM5_1_cleaned.pdb,OK,1,1,54,0
7KN5_1_cleaned.pdb,OK,1,0,18,0
7LDJ_cleaned.pdb,OK,3,1,61,0
7KI1_cleaned.pdb,OK,4,0,40,5
7LZP_4_cleaned.pdb,OK,2,0,36,0
7LZP_1_cleaned.pdb,OK,2,0,44,0
7LZP_5_cleaned.pdb,OK,2,1,44,2
7MDW_1_cleaned.pdb,OK,1,0,23,1
7MDW_0_cleaned.pdb,OK,2,0,24,1
7MDW_cleaned.pdb,OK,1,1,26,1
7LJC_cleaned.pdb,OK,4,0,34,6
7ME7_0_cleaned.pdb,OK,0,0,27,0
7ME7_cleaned.pdb,OK,0,0,23,0
7ME7_1_cleaned.pdb,OK,0,0,25,0
7MEJ_0_cleaned.pdb,OK,1,0,7,0
7MEJ_1_cleaned.pdb,OK,1,0,18,0
7MEJ_cleaned.pdb,OK,1,0,7,0
7MFU_1_cleaned.pdb,OK,2,0,21,1
7N0S_0_cleaned.pdb,OK,1,0,31,0
7MFU_0_cleaned.pdb,OK,4,0,35,3
7N9U_cleaned.pdb,OK,1,0,34,0
7N4N_cleaned.pdb,OK,0,0,22,1
7MFU_cleaned.pdb,OK,5,0,36,3
7NBB_cleaned.pdb,OK,0,0,12,0
7N9A_cleaned.pdb,OK,1,0,32,1
7NFQ_cleaned.pdb,OK,0,0,7,0
7N0I_cleaned.pdb,OK,0,1,37,0
7NFR_cleaned.pdb,OK,1,0,29,0
7NDF_cleaned.pdb,OK,3,0,17,1
7NBB_1_cleaned.pdb,OK,2,0,85,0
7NLL_cleaned.pdb,OK,0,0,22,1
7NFT_cleaned.pdb,OK,1,0,29,0
7NOW_cleaned.pdb,OK,3,0,38,2
7NLL_0_cleaned.pdb,OK,1,0,37,0
7NQA_cleaned.pdb,OK,7,0,35,1
7NGH_cleaned.pdb,OK,0,0,39,0
7NVL_cleaned.pdb,OK,0,0,0,0
7NVN_0_cleaned.pdb,OK,1,0,22,1
7NXX_cleaned.pdb,OK,1,0,14,1
7NX0_1_cleaned.pdb,OK,1,0,40,0
7NVM_cleaned.pdb,OK,1,0,26,1
7NQK_cleaned.pdb,OK,3,1,38,2
7O06_cleaned.pdb,OK,4,0,42,1
7O0S_cleaned.pdb,OK,3,0,48,1
7O3B_cleaned.pdb,OK,5,0,46,1
7OLZ_1_cleaned.pdb,OK,1,0,16,0
7OLZ_cleaned.pdb,OK,2,2,96,1
7OLZ_0_cleaned.pdb,OK,2,2,88,2
7P16_cleaned.pdb,OK,1,0,53,0
7OM4_cleaned.pdb,OK,2,0,17,0
7P14_cleaned.pdb,OK,1,0,46,0
7OMM_1_cleaned.pdb,OK,0,2,27,1
7PA5_cleaned.pdb,OK,1,0,35,0
7P2D_cleaned.pdb,OK,1,0,11,1
7PAF_cleaned.pdb,OK,0,0,36,0
7PH4_cleaned.pdb,OK,3,0,15,0
7PQG_cleaned.pdb,OK,1,0,46,1
7PH3_cleaned.pdb,OK,4,0,19,1
7PQQ_cleaned.pdb,OK,0,0,39,0
7OMM_0_cleaned.pdb,OK,2,0,14,0
7Q3Q_cleaned.pdb,OK,1,1,54,0
7Q3R_1_cleaned.pdb,OK,3,1,43,0
7Q3R_0_cleaned.pdb,OK,0,0,19,0
7QBD_cleaned.pdb,OK,0,0,18,0
7QBE_cleaned.pdb,OK,0,0,40,0
7QIA_0_cleaned.pdb,OK,4,0,8,2
7QIA_1_cleaned.pdb,OK,1,0,43,1
7QIA_cleaned.pdb,OK,4,0,8,2
7QBF_cleaned.pdb,OK,2,1,34,4
7QIC_0_cleaned.pdb,OK,3,0,9,2
7QIC_1_cleaned.pdb,OK,1,1,39,2
7QJI_cleaned.pdb,OK,4,0,10,2
7QIC_cleaned.pdb,OK,3,0,9,3
7QJJ_0_cleaned.pdb,OK,4,0,9,2
7QJI_0_cleaned.pdb,OK,4,0,10,2
7QJI_1_cleaned.pdb,OK,1,0,42,1
7R1Z_0_cleaned.pdb,OK,1,0,66,1
7R23_0_cleaned.pdb,OK,2,1,68,1
7R1Z_1_cleaned.pdb,OK,3,0,26,0
7R24_0_cleaned.pdb,OK,5,0,29,0
7R23_1_cleaned.pdb,OK,5,0,25,0
7R24_1_cleaned.pdb,OK,1,0,63,2
7R24_cleaned.pdb,OK,5,0,30,0
7R98_cleaned.pdb,OK,1,0,31,0
7RBY_cleaned.pdb,OK,2,2,78,2
7RI1_cleaned.pdb,OK,1,0,18,0
7RNN_cleaned.pdb,OK,4,1,27,1
7S2R_cleaned.pdb,OK,1,0,37,2
7SAH_cleaned.pdb,OK,0,0,0,1
7S83_1_cleaned.pdb,OK,4,0,9,0
7S83_0_cleaned.pdb,OK,1,0,21,1
7SAI_cleaned.pdb,OK,3,0,29,3
7SK7_cleaned.pdb,OK,1,1,30,0
7SAK_cleaned.pdb,OK,0,0,32,0
7SK5_cleaned.pdb,OK,2,0,71,0
7SL9_cleaned.pdb,OK,0,0,47,1
7SP6_0_cleaned.pdb,OK,3,0,11,0
7SP7_0_cleaned.pdb,OK,2,0,19,0
7SP8_1_cleaned.pdb,OK,0,1,93,0
7SP8_0_cleaned.pdb,OK,3,0,17,0
7SPO_0_cleaned.pdb,OK,0,0,16,0
7SP9_0_cleaned.pdb,OK,2,0,18,0
7SPA_0_cleaned.pdb,OK,2,0,14,0
7SPP_0_cleaned.pdb,OK,1,0,27,0
7TGF_cleaned.pdb,OK,6,1,47,1
7T5F_2_cleaned.pdb,OK,1,0,27,0
7TH2_cleaned.pdb,OK,6,0,52,2
7TGI_cleaned.pdb,OK,7,0,38,4
7TH3_cleaned.pdb,OK,0,0,31,1
7T5F_3_cleaned.pdb,OK,2,0,50,3
7T5F_0_cleaned.pdb,OK,3,0,55,3
7SSZ_cleaned.pdb,OK,3,0,27,0
7UBX_cleaned.pdb,OK,1,0,31,1
7UBY_0_cleaned.pdb,OK,1,0,39,2
7UL3_cleaned.pdb,OK,6,0,39,1
7UL5_cleaned.pdb,OK,5,0,39,2
7UIA_1_cleaned.pdb,OK,2,0,28,2
7UNZ_cleaned.pdb,OK,0,1,63,0
7UIB_cleaned.pdb,OK,3,0,32,2
7UIE_1_cleaned.pdb,OK,2,0,18,2
7UPM_cleaned.pdb,OK,3,0,35,4
7USV_cleaned.pdb,OK,1,0,55,0
7UST_cleaned.pdb,OK,5,0,42,4
7VFA_cleaned.pdb,OK,0,0,27,1
7VKE_cleaned.pdb,OK,3,0,70,3
7VFB_cleaned.pdb,OK,1,1,64,0
7VOA_cleaned.pdb,OK,1,1,64,0
7VNB_cleaned.pdb,OK,1,0,52,0
7W1S_cleaned.pdb,OK,1,0,25,0
7WD2_0_cleaned.pdb,OK,2,1,49,0
7WKI_cleaned.pdb,OK,1,0,62,0
7WN1_cleaned.pdb,OK,2,1,73,0
7WN0_cleaned.pdb,OK,1,0,58,1
7WQ4_cleaned.pdb,OK,4,0,26,3
7X2J_cleaned.pdb,OK,2,1,32,0
7X2M_cleaned.pdb,OK,1,0,18,0
7X4I_0_cleaned.pdb,OK,3,1,78,2
7XLD_cleaned.pdb,OK,0,4,104,2
7XLI_cleaned.pdb,OK,1,4,96,3
7XP4_cleaned.pdb,OK,1,0,32,4
7XQV_cleaned.pdb,OK,4,0,79,1
7XTP_cleaned.pdb,OK,2,0,40,0
7XP5_cleaned.pdb,OK,0,0,32,0
7XP6_cleaned.pdb,OK,2,0,19,3
7Y0O_cleaned.pdb,OK,0,0,22,0
7Y9T_cleaned.pdb,OK,3,0,20,2
7Y6K_cleaned.pdb,OK,1,0,47,1
7Y9U_cleaned.pdb,OK,4,0,21,2
7Y9V_cleaned.pdb,OK,4,0,32,3
7YIT_cleaned.pdb,OK,2,0,47,1
7YZ9_cleaned.pdb,OK,1,0,44,0
7Z1B_1_cleaned.pdb,OK,1,0,20,0
7Z1A_0_cleaned.pdb,OK,1,0,34,0
7Z1A_1_cleaned.pdb,OK,1,0,25,0
7Z1A_cleaned.pdb,OK,1,0,23,0
7Z1B_0_cleaned.pdb,OK,1,0,28,0
7Z1B_cleaned.pdb,OK,1,0,25,0
7Z1C_0_cleaned.pdb,OK,1,0,24,0
7Z1C_2_cleaned.pdb,OK,1,0,29,1
7Z1C_cleaned.pdb,OK,1,0,27,0
7ZK1_0_cleaned.pdb,OK,0,0,38,0
7ZG0_cleaned.pdb,OK,2,0,27,2
7ZK1_cleaned.pdb,OK,0,0,39,0
7ZAU_cleaned.pdb,OK,0,1,32,1
7ZKW_cleaned.pdb,OK,2,0,69,2
7ZK1_1_cleaned.pdb,OK,1,0,56,1
7ZKZ_0_cleaned.pdb,OK,0,0,39,0
7ZKZ_1_cleaned.pdb,OK,1,1,59,1
7ZKZ_cleaned.pdb,OK,0,0,36,0
7ZML_cleaned.pdb,OK,2,1,36,0
7ZMM_cleaned.pdb,OK,2,1,40,0
7ZMP_cleaned.pdb,OK,2,1,42,0
7ZMQ_cleaned.pdb,OK,2,1,40,0
7ZMO_0_cleaned.pdb,OK,2,1,36,0
7ZG0_1_cleaned.pdb,OK,4,0,28,4
7ZMN_cleaned.pdb,OK,2,1,38,0
7ZMS_cleaned.pdb,OK,2,1,40,0
7ZMT_cleaned.pdb,OK,2,1,33,0
7ZMR_cleaned.pdb,OK,1,1,38,0
7ZW1_cleaned.pdb,OK,2,0,20,2
7ZMV_cleaned.pdb,OK,2,1,38,0
7ZQT_cleaned.pdb,OK,0,0,20,1
7ZOX_0_cleaned.pdb,OK,5,0,26,1
7ZOX_1_cleaned.pdb,OK,2,0,25,1
8AFH_1_cleaned.pdb,OK,2,0,25,1
8A67_cleaned.pdb,OK,4,0,97,2
8AHL_2_cleaned.pdb,OK,0,0,0,0
8AFM_cleaned.pdb,OK,3,0,32,3
8AFH_0_cleaned.pdb,OK,5,0,24,4
8AOK_cleaned.pdb,OK,5,1,29,2
8AOM_cleaned.pdb,OK,2,0,39,2
8AIA_0_cleaned.pdb,OK,4,0,18,7
8AIA_1_cleaned.pdb,OK,6,0,28,2
8AIX_1_cleaned.pdb,OK,4,0,23,3
8APY_cleaned.pdb,OK,6,2,72,6
8B17_cleaned.pdb,OK,1,0,43,2
8B18_cleaned.pdb,OK,1,0,44,2
8B19_cleaned.pdb,OK,1,0,44,2
8B1C_cleaned.pdb,OK,1,0,44,2
8B1A_cleaned.pdb,OK,1,0,42,2
8B1B_cleaned.pdb,OK,1,0,42,1
8B1F_cleaned.pdb,OK,1,0,45,1
8B1D_cleaned.pdb,OK,1,0,42,2
8AJB_2_cleaned.pdb,OK,0,0,20,0
8B1G_cleaned.pdb,OK,1,0,43,2
8B1I_cleaned.pdb,OK,1,0,41,1
8B1H_cleaned.pdb,OK,1,0,43,2
8B1E_cleaned.pdb,OK,1,0,42,2
8B8I_0_cleaned.pdb,OK,1,0,59,0
8B1K_cleaned.pdb,OK,1,0,43,2
8B1J_cleaned.pdb,OK,1,0,41,2
8B7W_cleaned.pdb,OK,1,0,42,0
8BEV_cleaned.pdb,OK,0,1,40,0
8BE2_cleaned.pdb,OK,3,0,48,1
8BPK_cleaned.pdb,OK,0,0,17,1
8C3K_cleaned.pdb,OK,1,0,22,1
8BVS_cleaned.pdb,OK,0,0,8,0
8C3L_cleaned.pdb,OK,0,0,0,0
8BVR_cleaned.pdb,OK,0,0,20,1
8C5H_cleaned.pdb,OK,1,0,37,0
8BVT_cleaned.pdb,OK,0,0,23,0
8CWU_cleaned.pdb,OK,2,0,21,1
8C8P_cleaned.pdb,OK,0,0,22,1
8CY7_cleaned.pdb,OK,0,0,19,0
8CYJ_0_cleaned.pdb,OK,1,0,16,0
8CXR_0_cleaned.pdb,OK,1,0,37,0
8CYJ_1_cleaned.pdb,OK,2,0,25,0
8CYJ_3_cleaned.pdb,OK,0,0,28,1
8CYJ_cleaned.pdb,OK,1,0,17,0
8CD0_cleaned.pdb,OK,4,0,33,4
8CYJ_2_cleaned.pdb,OK,4,0,14,1
8DCR_cleaned.pdb,OK,0,0,15,0
8DCS_cleaned.pdb,OK,0,0,20,0
8DI5_cleaned.pdb,OK,1,2,92,0
8DTN_cleaned.pdb,OK,2,0,30,0
8DQU_cleaned.pdb,OK,3,0,50,1
8DLY_cleaned.pdb,OK,1,1,65,1
8DM0_cleaned.pdb,OK,1,2,71,1
8DTU_cleaned.pdb,OK,1,0,36,0
8DYP_cleaned.pdb,OK,0,0,27,1
8DFL_cleaned.pdb,OK,2,0,22,0
8EE2_0_cleaned.pdb,OK,0,1,30,3
8EN0_cleaned.pdb,OK,0,0,7,1
8EMZ_cleaned.pdb,OK,1,0,16,1
8EE2_1_cleaned.pdb,OK,1,1,22,1
8ELN_cleaned.pdb,OK,1,0,38,2
8EN2_cleaned.pdb,OK,2,0,17,0
8EW6_cleaned.pdb,OK,3,0,14,0
8EN3_cleaned.pdb,OK,2,0,9,2
8EQB_cleaned.pdb,OK,1,0,1,0
8EVD_1_cleaned.pdb,OK,1,0,27,2
8F6V_cleaned.pdb,OK,3,0,14,4
8F6U_cleaned.pdb,OK,1,0,29,1
8F6U_1_cleaned.pdb,OK,1,0,28,3
8FXS_cleaned.pdb,OK,0,0,54,0
8FXV_cleaned.pdb,OK,0,0,53,0
8G0I_cleaned.pdb,OK,2,0,44,2
8G72_cleaned.pdb,OK,0,0,2,0
8GJR_cleaned.pdb,OK,0,0,24,1
8GNI_cleaned.pdb,OK,1,1,65,0
8GQ5_cleaned.pdb,OK,1,2,62,0
8GHR_cleaned.pdb,OK,1,2,50,0
8GZ5_cleaned.pdb,OK,0,2,42,0
8G0W_cleaned.pdb,OK,2,0,24,2
8GNJ_cleaned.pdb,OK,2,1,62,0
8H3X_cleaned.pdb,OK,4,0,13,3
8H3Y_0_cleaned.pdb,OK,1,0,28,2
8H5T_cleaned.pdb,OK,1,0,36,0
8H5U_cleaned.pdb,OK,1,0,34,0
8H91_1_cleaned.pdb,OK,1,0,35,0
8H91_cleaned.pdb,OK,1,0,33,0
8H63_cleaned.pdb,OK,1,0,45,2
8HBG_1_cleaned.pdb,OK,0,0,12,2
8HBJ_2_cleaned.pdb,OK,0,0,4,2
8HDO_cleaned.pdb,OK,3,0,29,2
8HBI_1_cleaned.pdb,OK,1,0,18,1
8HGI_0_cleaned.pdb,OK,2,1,19,2
8HBJ_3_cleaned.pdb,OK,1,0,22,0
8HDP_cleaned.pdb,OK,2,0,31,1
8HR2_1_cleaned.pdb,OK,0,2,84,0
8HNN_cleaned.pdb,OK,7,0,42,2
8HR2_0_cleaned.pdb,OK,2,0,24,2
8HXR_cleaned.pdb,OK,0,0,28,0
8HXQ_cleaned.pdb,OK,0,0,31,1
8IEE_cleaned.pdb,OK,3,0,52,0
8ILX_0_cleaned.pdb,OK,1,0,29,1
8HTI_cleaned.pdb,OK,1,0,34,1
8IM1_2_cleaned.pdb,OK,2,0,7,3
8IM1_0_cleaned.pdb,OK,2,0,29,4
8JJV_cleaned.pdb,OK,1,0,25,0
8JLY_cleaned.pdb,OK,0,0,23,0
8K3K_cleaned.pdb,OK,0,1,62,0
8OWW_cleaned.pdb,OK,3,2,48,2
8ONT_cleaned.pdb,OK,1,1,22,0
8PIH_cleaned.pdb,OK,3,0,9,3
8PIZ_cleaned.pdb,OK,2,0,3,0
8PIJ_cleaned.pdb,OK,2,0,5,0
8PJP_cleaned.pdb,OK,0,0,9,0
8PKC_cleaned.pdb,OK,3,0,9,3
8PYR_cleaned.pdb,OK,1,0,37,1
8QF4_cleaned.pdb,OK,1,0,65,1
8Q94_cleaned.pdb,OK,1,0,25,0
8Q93_cleaned.pdb,OK,1,0,46,2
8QF5_cleaned.pdb,OK,1,0,54,0
8QGX_cleaned.pdb,OK,1,0,68,0
8Q95_cleaned.pdb,OK,1,1,34,0
8QZ2_cleaned.pdb,OK,3,0,8,0
8QZ1_cleaned.pdb,OK,1,0,4,0
8QZ3_cleaned.pdb,OK,0,0,5,1
8QW4_cleaned.pdb,OK,5,0,45,3
8QGZ_cleaned.pdb,OK,0,0,21,4
8QOT_cleaned.pdb,OK,1,0,67,2
8QZ4_cleaned.pdb,OK,0,0,29,1
8RMK_cleaned.pdb,OK,0,0,9,0
8RBY_cleaned.pdb,OK,2,1,41,1
8RJ7_cleaned.pdb,OK,1,1,40,0
8S0L_cleaned.pdb,OK,5,0,43,3
8S0M_cleaned.pdb,OK,1,0,9,1
8SBB_cleaned.pdb,OK,0,0,35,3
8TH4_cleaned.pdb,OK,0,0,15,0
8SOS_cleaned.pdb,OK,1,0,70,0
8U3S_cleaned.pdb,OK,1,0,10,0
8TH3_cleaned.pdb,OK,0,0,17,0
8VYL_cleaned.pdb,OK,0,1,16,1
8UKV_cleaned.pdb,OK,1,1,18,1
8UY6_cleaned.pdb,OK,3,0,43,2
8W8A_cleaned.pdb,OK,3,0,13,3
8WEO_cleaned.pdb,OK,2,1,28,1
8W89_cleaned.pdb,OK,1,0,14,3
8X7N_0_cleaned.pdb,OK,1,1,54,1
8X7N_1_cleaned.pdb,OK,1,1,54,1
8YBM_cleaned.pdb,OK,0,0,0,0
8YBL_cleaned.pdb,OK,0,0,55,0
8YBN_cleaned.pdb,OK,1,1,52,1
8YBO_cleaned.pdb,OK,0,2,69,0
8XLD_cleaned.pdb,OK,3,0,26,2
8YKD_cleaned.pdb,OK,0,0,22,0
8YSF_cleaned.pdb,OK,1,0,9,0
8XK2_cleaned.pdb,OK,2,2,78,0
8YOT_cleaned.pdb,OK,1,1,63,0
8YBP_cleaned.pdb,OK,0,1,52,0
8YVJ_cleaned.pdb,OK,1,1,18,0
9B0A_cleaned.pdb,OK,0,0,12,0
8YSH_cleaned.pdb,OK,3,0,26,2
8Z8L_cleaned.pdb,OK,1,1,42,0
8YVO_cleaned.pdb,OK,0,0,16,0
9B2C_cleaned.pdb,OK,1,0,33,0
9E7K_cleaned.pdb,OK,2,1,56,5
9BN7_0_cleaned.pdb,OK,2,0,30,2
9EGN_cleaned.pdb,OK,0,0,14,1
9E7N_cleaned.pdb,OK,2,0,12,1
9EIU_cleaned.pdb,OK,0,0,13,1
9EAH_cleaned.pdb,OK,0,0,22,0
9EAI_cleaned.pdb,OK,0,0,16,0
9ERW_cleaned.pdb,OK,4,0,38,0
9EN2_cleaned.pdb,OK,3,0,46,1
9FR4_cleaned.pdb,OK,2,1,28,0
9FC2_cleaned.pdb,OK,1,2,99,0
9DJW_0_cleaned.pdb,OK,6,0,34,5
9FVB_cleaned.pdb,OK,1,1,47,2
9G2A_cleaned.pdb,OK,1,0,13,0
9G2G_cleaned.pdb,OK,1,0,6,1
9FWW_cleaned.pdb,OK,1,0,39,2
9G48_cleaned.pdb,OK,2,0,19,0
9G4G_cleaned.pdb,OK,2,0,35,0
9FZC_cleaned.pdb,OK,1,0,19,0
9GLZ_cleaned.pdb,OK,0,0,0,0
9G5L_cleaned.pdb,OK,2,1,24,0
9HO4_cleaned.pdb,OK,3,0,38,2
9HO5_cleaned.pdb,OK,3,0,25,3
9HPA_cleaned.pdb,OK,3,0,13,3
9IQP_cleaned.pdb,OK,0,0,47,0
9J7Y_cleaned.pdb,OK,1,0,58,3
9JEC_cleaned.pdb,OK,1,0,34,0
9LAD_cleaned.pdb,OK,1,0,36,0
9LJJ_cleaned.pdb,OK,0,0,17,0
9LH2_cleaned.pdb,OK,0,0,0,0
9NN9_cleaned.pdb,OK,1,0,30,1
9MY8_cleaned.pdb,OK,1,0,65,0
9S35_cleaned.pdb,OK,1,0,32,1
9S36_cleaned.pdb,OK,3,0,53,0
9T9M_cleaned.pdb,OK,2,0,27,0
9YC3_cleaned.pdb,OK,0,1,24,1
9KQC_0_cleaned.pdb,OK,0,0,35,1
9ULP_cleaned.pdb,OK,0,1,64,1
9UCP_cleaned.pdb,OK,0,0,22,0
9Z5Q_cleaned.pdb,OK,0,1,98,1
9GCN_cleaned.pdb,OK,2,0,44,4
5F7L_cleaned.pdb,OK,1,1,37,1
5TJW_cleaned.pdb,OK,2,0,10,1
5O04_0_cleaned.pdb,OK,0,0,43,0
5UKB_cleaned.pdb,OK,1,0,9,3
6H7N_cleaned.pdb,OK,2,0,75,0
7CZ0_0_cleaned.pdb,OK,2,0,37,0
5NBM_cleaned.pdb,OK,6,0,44,7
5NBL_cleaned.pdb,OK,7,0,48,7
7NX0_0_cleaned.pdb,OK,1,0,49,0
7SAJ_cleaned.pdb,OK,1,0,33,2
7QJJ_1_cleaned.pdb,OK,1,0,41,1
6SSI_1_cleaned.pdb,OK,0,1,17,0
7SP6_1_cleaned.pdb,OK,3,0,15,3
7SP7_1_cleaned.pdb,OK,4,0,14,2
7SPA_1_cleaned.pdb,OK,3,0,14,2
7SP9_1_cleaned.pdb,OK,3,0,12,2
8HEG_cleaned.pdb,OK,3,1,22,1
5KU0_1_cleaned.pdb,OK,4,0,34,2
6E3Y_cleaned.pdb,OK,2,0,51,3
6HUJ_cleaned.pdb,OK,4,2,34,3
6HUG_cleaned.pdb,OK,4,2,36,3
6HUK_cleaned.pdb,OK,4,2,33,3
6HUO_cleaned.pdb,OK,4,2,34,2
6HUP_cleaned.pdb,OK,3,2,33,2
6LPB_cleaned.pdb,OK,2,0,35,1
6I53_cleaned.pdb,OK,4,2,35,3
6LMK_cleaned.pdb,OK,2,0,31,3
6M1H_cleaned.pdb,OK,2,0,31,3
6LI3_cleaned.pdb,OK,2,0,23,1
6M1I_cleaned.pdb,OK,1,0,26,3
6N48_cleaned.pdb,OK,3,0,82,1
6NBF_cleaned.pdb,OK,3,0,25,5
6NBH_cleaned.pdb,OK,2,0,25,2
6NBI_cleaned.pdb,OK,2,0,29,2
6NI3_cleaned.pdb,OK,1,0,27,1
6NIY_cleaned.pdb,OK,0,0,21,1
6NFJ_0_cleaned.pdb,OK,3,1,29,4
6OYA_cleaned.pdb,OK,4,0,53,2
6PB0_cleaned.pdb,OK,2,0,36,2
6PB1_cleaned.pdb,OK,3,0,40,2
6P9X_cleaned.pdb,OK,2,0,30,3
6UUN_cleaned.pdb,OK,4,0,40,7
6UUS_cleaned.pdb,OK,4,0,26,4
6UVA_cleaned.pdb,OK,3,0,37,3
6VCB_cleaned.pdb,OK,1,0,30,1
6XOX_cleaned.pdb,OK,2,0,23,2
6ZCZ_cleaned.pdb,OK,1,0,40,0
6WI9_cleaned.pdb,OK,2,0,27,2
6WZG_cleaned.pdb,OK,2,0,43,4
6WPW_cleaned.pdb,OK,1,0,34,2
6WHC_cleaned.pdb,OK,3,0,35,3
7BTS_cleaned.pdb,OK,2,0,77,0
7BU6_cleaned.pdb,OK,2,0,67,0
7BU7_cleaned.pdb,OK,1,0,66,0
7BB6_cleaned.pdb,OK,0,0,30,2
7BB7_cleaned.pdb,OK,2,0,39,4
7C2E_cleaned.pdb,OK,2,0,29,3
7CFM_cleaned.pdb,OK,2,0,38,4
7BZ2_cleaned.pdb,OK,1,0,26,3
7CFN_cleaned.pdb,OK,4,0,39,4
7BW0_cleaned.pdb,OK,0,0,27,2
7CRH_cleaned.pdb,OK,0,0,12,2
7CKX_cleaned.pdb,OK,2,0,38,3
7CKY_cleaned.pdb,OK,2,0,39,2
7CKZ_cleaned.pdb,OK,1,0,41,0
7CKW_cleaned.pdb,OK,2,0,44,2
7CX3_cleaned.pdb,OK,5,0,47,5
7CX4_cleaned.pdb,OK,4,0,31,4
7CX2_cleaned.pdb,OK,5,0,46,4
7CZ5_cleaned.pdb,OK,2,0,35,4
7D68_cleaned.pdb,OK,0,0,33,2
7D7M_cleaned.pdb,OK,2,0,31,3
7DH5_cleaned.pdb,OK,2,0,38,3
7DSS_1_cleaned.pdb,OK,1,0,23,0
7D3S_cleaned.pdb,OK,2,0,31,4
7DHI_cleaned.pdb,OK,0,0,32,1
7DUQ_cleaned.pdb,OK,3,0,37,4
7DUR_cleaned.pdb,OK,2,0,48,4
7DTY_cleaned.pdb,OK,2,0,51,5
7EVM_cleaned.pdb,OK,2,0,41,3
7DHR_cleaned.pdb,OK,1,0,23,1
7EVW_cleaned.pdb,OK,1,0,30,2
7F0T_cleaned.pdb,OK,1,0,31,1
7EPT_cleaned.pdb,OK,1,0,34,1
7E6U_cleaned.pdb,OK,1,0,17,2
7F16_cleaned.pdb,OK,6,0,43,9
7F4D_cleaned.pdb,OK,2,0,34,3
7F23_cleaned.pdb,OK,0,0,31,0
7F54_cleaned.pdb,OK,2,0,34,3
7F53_cleaned.pdb,OK,2,0,38,3
7F55_cleaned.pdb,OK,2,0,36,3
7F4I_cleaned.pdb,OK,1,0,24,2
7F58_cleaned.pdb,OK,2,0,42,5
7F9Y_cleaned.pdb,OK,1,0,20,2
7FIY_cleaned.pdb,OK,2,0,38,3
7FIM_cleaned.pdb,OK,3,0,42,5
7JVP_cleaned.pdb,OK,4,0,38,2
7K7Y_1_cleaned.pdb,OK,2,0,42,0
7KJH_cleaned.pdb,OK,1,0,50,3
7KJI_cleaned.pdb,OK,3,0,30,0
7KN6_cleaned.pdb,OK,2,0,24,0
7FIN_cleaned.pdb,OK,3,0,46,4
7K84_cleaned.pdb,OK,0,0,52,0
7KN7_cleaned.pdb,OK,0,0,13,0
7JV5_cleaned.pdb,OK,3,0,36,5
7KI0_cleaned.pdb,OK,4,0,43,4
7LOK_cleaned.pdb,OK,3,0,21,0
7LLL_cleaned.pdb,OK,0,0,29,1
7MBX_cleaned.pdb,OK,4,0,35,4
7LLY_cleaned.pdb,OK,4,0,41,4
7QBG_0_cleaned.pdb,OK,2,0,23,1
7PIU_cleaned.pdb,OK,2,0,35,3
7PIV_cleaned.pdb,OK,1,0,31,2
7P5Y_0_cleaned.pdb,OK,4,0,33,2
7P5V_cleaned.pdb,OK,2,2,70,1
7R73_cleaned.pdb,OK,4,1,57,2
7RG9_cleaned.pdb,OK,0,0,21,1
7RGP_cleaned.pdb,OK,1,0,20,4
7QNE_cleaned.pdb,OK,3,2,35,1
7QBG_1_cleaned.pdb,OK,0,0,24,1
7R74_cleaned.pdb,OK,2,0,71,3
7RI2_cleaned.pdb,OK,4,1,54,3
7RMG_cleaned.pdb,OK,3,0,22,2
7SL8_cleaned.pdb,OK,2,0,48,0
7RMI_cleaned.pdb,OK,1,0,21,2
7SLA_cleaned.pdb,OK,2,0,51,0
7S3I_cleaned.pdb,OK,4,0,36,4
7S1M_cleaned.pdb,OK,4,0,42,6
7RMH_cleaned.pdb,OK,2,0,21,3
7TYF_cleaned.pdb,OK,3,0,36,4
7TYH_cleaned.pdb,OK,3,0,35,5
7TYI_cleaned.pdb,OK,3,0,41,5
7TMW_cleaned.pdb,OK,2,0,37,4
7TYO_cleaned.pdb,OK,3,0,36,3
7TYW_cleaned.pdb,OK,5,0,29,4
7TYN_cleaned.pdb,OK,4,0,45,6
7TYY_cleaned.pdb,OK,4,0,38,6
7TYL_cleaned.pdb,OK,3,0,32,4
7V35_cleaned.pdb,OK,2,0,23,1
7TYX_cleaned.pdb,OK,4,0,37,7
7V9L_cleaned.pdb,OK,2,0,33,3
7VAB_cleaned.pdb,OK,3,0,37,2
7VBI_cleaned.pdb,OK,3,0,29,4
7VUH_cleaned.pdb,OK,0,0,24,1
7VBH_cleaned.pdb,OK,2,0,45,4
7VUI_cleaned.pdb,OK,1,0,28,1
7VVJ_cleaned.pdb,OK,2,0,24,5
7V9M_cleaned.pdb,OK,2,0,41,2
7VQX_cleaned.pdb,OK,3,0,38,4
7VVL_cleaned.pdb,OK,3,0,32,4
7VVM_cleaned.pdb,OK,1,0,38,4
7VVN_cleaned.pdb,OK,3,0,31,4
7VVK_cleaned.pdb,OK,2,0,35,3
7VVO_cleaned.pdb,OK,3,0,30,6
7WCM_cleaned.pdb,OK,4,0,35,2
7WU2_cleaned.pdb,OK,1,0,25,0
7WBJ_cleaned.pdb,OK,1,0,34,4
7WCN_cleaned.pdb,OK,3,0,26,3
7WUJ_cleaned.pdb,OK,1,0,20,2
7WUI_cleaned.pdb,OK,1,0,12,3
7WUQ_cleaned.pdb,OK,5,0,45,6
7WXW_cleaned.pdb,OK,2,0,19,3
7WU3_cleaned.pdb,OK,1,0,31,1
7WY8_cleaned.pdb,OK,2,0,28,3
7X2D_cleaned.pdb,OK,1,0,26,1
7WXU_cleaned.pdb,OK,1,0,26,0
7X2F_cleaned.pdb,OK,1,0,35,2
7X8S_cleaned.pdb,OK,2,0,39,3
7X2C_cleaned.pdb,OK,1,0,25,1
7XJH_cleaned.pdb,OK,2,0,33,4
7X8R_cleaned.pdb,OK,2,0,31,1
7XKD_cleaned.pdb,OK,4,0,41,5
7XKE_cleaned.pdb,OK,3,0,26,2
7XJI_cleaned.pdb,OK,2,0,35,1
7XOU_cleaned.pdb,OK,1,0,32,3
7XT8_cleaned.pdb,OK,3,0,29,4
7XTC_cleaned.pdb,OK,4,0,28,3
7XKF_cleaned.pdb,OK,4,0,45,5
7XTB_cleaned.pdb,OK,4,0,46,4
7XTQ_cleaned.pdb,OK,2,0,37,0
7XW5_cleaned.pdb,OK,2,0,37,1
7XOV_cleaned.pdb,OK,3,0,40,2
7XZ5_cleaned.pdb,OK,2,0,20,4
7XZ6_cleaned.pdb,OK,3,0,28,2
7Y35_cleaned.pdb,OK,3,0,30,3
7Y36_cleaned.pdb,OK,3,0,34,4
7Y3G_cleaned.pdb,OK,3,0,37,3
7ZF4_cleaned.pdb,OK,1,0,14,0
7YMJ_cleaned.pdb,OK,3,0,29,2
7ZFC_cleaned.pdb,OK,0,1,27,0
7ZFB_cleaned.pdb,OK,1,0,28,0
7ZXU_cleaned.pdb,OK,1,0,36,0
7YM8_cleaned.pdb,OK,5,0,54,3
8BH5_cleaned.pdb,OK,1,0,33,0
8CWV_cleaned.pdb,OK,4,0,30,1
7YDP_cleaned.pdb,OK,2,0,40,4
7YDM_cleaned.pdb,OK,0,0,24,1
8BZY_cleaned.pdb,OK,0,0,60,0
8B41_cleaned.pdb,OK,1,2,59,1
8DAM_0_cleaned.pdb,OK,3,0,62,2
8E0E_cleaned.pdb,OK,2,0,66,1
8C02_cleaned.pdb,OK,0,0,63,0
8DAM_1_cleaned.pdb,OK,5,0,22,0
8E3X_cleaned.pdb,OK,3,0,43,5
8DAM_cleaned.pdb,OK,4,0,22,0
8ELO_cleaned.pdb,OK,1,0,32,0
8ELQ_cleaned.pdb,OK,2,0,31,0
8E3Y_cleaned.pdb,OK,4,0,39,4
8E3Z_cleaned.pdb,OK,3,0,47,4
8ELP_cleaned.pdb,OK,2,0,30,0
8F2A_cleaned.pdb,OK,5,0,45,5
8F2B_cleaned.pdb,OK,3,0,40,5
8F0J_cleaned.pdb,OK,3,0,39,3
8F76_cleaned.pdb,OK,1,0,36,2
8F0K_cleaned.pdb,OK,3,0,42,5
8FLR_cleaned.pdb,OK,4,0,42,6
8FLS_cleaned.pdb,OK,4,0,40,3
8FLQ_cleaned.pdb,OK,3,0,39,6
8FLU_cleaned.pdb,OK,3,0,51,5
8GW8_cleaned.pdb,OK,3,0,30,2
8H4I_cleaned.pdb,OK,2,0,24,2
8FLT_cleaned.pdb,OK,4,0,47,5
8FU6_cleaned.pdb,OK,0,0,26,2
8H4L_cleaned.pdb,OK,1,0,19,0
8HA0_cleaned.pdb,OK,2,0,29,3
8HAF_cleaned.pdb,OK,2,0,20,3
8H4K_cleaned.pdb,OK,1,0,25,2
8HJ2_cleaned.pdb,OK,1,0,19,0
8HJ1_cleaned.pdb,OK,0,0,35,2
8HAO_cleaned.pdb,OK,2,0,29,3
8IOD_cleaned.pdb,OK,1,0,20,5
8IM0_cleaned.pdb,OK,0,0,12,0
8HJ0_cleaned.pdb,OK,1,0,24,0
8HMV_cleaned.pdb,OK,2,0,26,4
8IOC_cleaned.pdb,OK,1,0,18,4
8IW9_cleaned.pdb,OK,3,0,15,3
8IQ6_cleaned.pdb,OK,2,0,32,2
8JIQ_cleaned.pdb,OK,3,0,27,5
8JIS_cleaned.pdb,OK,0,0,23,2
8IZB_cleaned.pdb,OK,2,0,31,3
8JIT_cleaned.pdb,OK,2,0,16,5
8IQ4_cleaned.pdb,OK,3,0,38,3
8ITL_cleaned.pdb,OK,2,0,30,3
8JIU_cleaned.pdb,OK,2,0,21,1
8ITM_cleaned.pdb,OK,4,0,31,2
8JTW_cleaned.pdb,OK,3,0,74,2
8JTX_cleaned.pdb,OK,2,0,61,1
8KH5_cleaned.pdb,OK,2,0,10,4
8JXS_cleaned.pdb,OK,1,0,17,0
8PM2_cleaned.pdb,OK,2,0,18,0
8K8J_cleaned.pdb,OK,1,0,15,2
8JTY_cleaned.pdb,OK,1,0,61,2
8W87_cleaned.pdb,OK,3,0,16,3
8JXR_cleaned.pdb,OK,1,0,14,0
8UHB_cleaned.pdb,OK,4,0,32,4
8U26_cleaned.pdb,OK,2,0,9,1
9EG6_cleaned.pdb,OK,0,0,44,2
8WG8_cleaned.pdb,OK,0,0,9,0
8X7A_cleaned.pdb,OK,2,0,19,2
8W88_cleaned.pdb,OK,2,0,16,2
8X79_cleaned.pdb,OK,3,0,15,2
8WG7_cleaned.pdb,OK,2,0,23,3
9LM6_cleaned.pdb,OK,1,0,25,1
9TH6_cleaned.pdb,OK,1,0,23,0
7VUJ_cleaned.pdb,OK,2,0,14,3
7F1O_cleaned.pdb,OK,0,0,27,0
